"NFLX.Open","NFLX.High","NFLX.Low","NFLX.Close","NFLX.Volume","NFLX.Adjusted"
"2015-01-30",63.132858,63.984287,62.655716,63.114285,1887900,63.114285
"2015-02-02",62.842857,63.42857,61.955715,63.009998,1855800,63.009998
"2015-02-03",63.32,65.46714,62.73,65.274284,2344200,65.274284
"2015-02-04",65.041428,65.174286,63.889999,64.101425,1778700,64.101425
"2015-02-05",64.541428,65.138573,63.665714,64.129997,2035500,64.129997
"2015-02-06",64.25,64.428574,63.175713,63.48,1267800,63.48
"2015-02-09",63.19857,63.785713,62.637142,63.295715,1167600,63.295715
"2015-02-10",63.459999,65.157143,63.101429,64.849998,2202700,64.849998
"2015-02-11",64.830002,66.141426,64.557144,64.984283,1993300,64.984283
"2015-02-12",65.058571,65.60714,64.451431,65.247147,1209200,65.247147
"2015-02-13",65.428574,66.629997,65.422859,66.585716,1852700,66.585716
"2015-02-17",66.515717,67.371429,65.944283,67.137146,1595800,67.137146
"2015-02-18",67.022858,68.07,66.645714,67.865715,1471800,67.865715
"2015-02-19",67.85714,68.714287,67.574287,67.800003,10432100,67.800003
"2015-02-20",67.949997,68.374283,67.637146,68.314285,1346000,68.314285
"2015-02-23",68.300003,68.314285,67.14286,67.405716,1290200,67.405716
"2015-02-24",67.372856,68.084282,67.355713,67.839996,866300,67.839996
"2015-02-25",67.807144,68.794289,67.807144,68.332855,979200,68.332855
"2015-02-26",68.625717,69.5,68.43,69.004288,1550400,69.004288
"2015-02-27",69.081429,69.428574,67.818573,67.844284,1645200,67.844284
"2015-03-02",67.714287,68.60714,67.234283,68.60714,1455300,68.60714
"2015-03-03",68.344284,68.457146,67.507141,67.815712,1060900,67.815712
"2015-03-04",67.529999,67.925713,66.182854,67.110001,2486500,67.110001
"2015-03-05",67.428574,67.464287,66.419998,66.807144,1606400,66.807144
"2015-03-06",66.64286,66.925713,64.844284,64.874283,1841200,64.874283
"2015-03-09",64.989998,65.092857,62.828571,63.66143,2710100,63.66143
"2015-03-10",63.015713,63.351429,61.982857,62.151428,2557600,62.151428
"2015-03-11",62.240002,63.939999,62.240002,62.884285,2337600,62.884285
"2015-03-12",63.347141,64.582855,63.34,64.045715,2093500,64.045715
"2015-03-13",63.907143,64.057144,62.367142,62.628571,1451600,62.628571
"2015-03-16",61.547142,61.547142,59.619999,60.281429,3828000,60.281429
"2015-03-17",59.712856,60.694286,59.384285,59.78857,2630100,59.78857
"2015-03-18",59.738571,60.650002,59.299999,60.445713,2089100,60.445713
"2015-03-19",60.459999,61.21143,60.255714,60.744286,1635700,60.744286
"2015-03-20",61.337143,61.785713,60.895714,61.185715,1948800,61.185715
"2015-03-23",60.889999,61.155716,60.330002,60.714287,1093300,60.714287
"2015-03-24",61.135715,63.098572,61.118572,62.611427,2412700,62.611427
"2015-03-25",62.684284,62.691429,60.244286,60.25,3093200,60.25
"2015-03-26",59.628571,60.447144,59.389999,59.751427,2291300,59.751427
"2015-03-27",59.330002,59.847141,58.572857,59.252857,2259700,59.252857
"2015-03-30",59.715714,60.564285,59.364285,60.367142,1896100,60.367142
"2015-03-31",60.110001,60.419998,59.455715,59.527142,2035500,59.527142
"2015-04-01",59.642857,59.785713,58.702858,59.017143,2087100,59.017143
"2015-04-02",59.07143,59.607143,58.861427,59.154285,1409200,59.154285
"2015-04-06",58.76857,60.447144,58.464287,60.330002,1532900,60.330002
"2015-04-07",60.497143,60.848572,60.042858,60.494286,1425300,60.494286
"2015-04-08",61.201427,63.107143,61.184284,63.049999,3189700,63.049999
"2015-04-09",63,63.135715,62.114285,62.785713,1922200,62.785713
"2015-04-10",64.397141,64.995712,63.947144,64.938568,3195300,64.938568
"2015-04-13",67.239998,69.285713,67.057144,67.811432,6348100,67.811432
"2015-04-14",68.85714,69.14286,67.421425,68.387146,4075800,68.387146
"2015-04-15",68.704285,68.704285,67.364288,67.922859,42528500,67.922859
"2015-04-16",76,81.25,75.714287,80.292854,14928700,80.292854
"2015-04-17",79.778572,82.14286,79.714287,81.650002,8329500,81.650002
"2015-04-20",81.785713,82.304283,80.381432,81.055717,4388900,81.055717
"2015-04-21",81.234283,81.484283,79.800003,80.062859,15925700,80.062859
"2015-04-22",80.211426,80.71286,79.544289,79.668571,1727100,79.668571
"2015-04-23",79.655716,80.342857,78.955711,79.865715,1812500,79.865715
"2015-04-24",80.172859,80.808571,79.507141,79.771431,1577900,79.771431
"2015-04-27",80.292854,81.785713,80.230003,80.868568,2178100,80.868568
"2015-04-28",80.589996,81.278572,79.944283,80.437141,1260900,80.437141
"2015-04-29",80.07,81.055717,79.644287,80.407143,1362100,80.407143
"2015-04-30",80.237144,80.835716,79.124283,79.5,1509300,79.5
"2015-05-01",79.855713,79.96714,78.894287,79.575714,1272300,79.575714
"2015-05-04",79.571426,79.714287,78.900002,79.271431,1138200,79.271431
"2015-05-05",81.238571,82.442856,80.757141,80.792854,3873800,80.792854
"2015-05-06",81.028572,81.214287,79.521431,80.077141,1643500,80.077141
"2015-05-07",80.114288,80.794289,79.457146,80.748573,1460100,80.748573
"2015-05-08",81.041428,82.152855,80.964287,82.085716,1975500,82.085716
"2015-05-11",82.324287,84.85714,82.185715,84.278572,3411800,84.278572
"2015-05-12",83.808571,83.808571,82.992859,83.377144,1701000,83.377144
"2015-05-13",83.404289,84.197144,82.691429,82.872856,1593700,82.872856
"2015-05-14",83.285713,83.924286,82.330002,83.835716,1271200,83.835716
"2015-05-15",86.364288,88.348572,85.755714,87.60714,5293300,87.60714
"2015-05-18",87.544289,88.534286,87.024284,88.267143,2111700,88.267143
"2015-05-19",88.888573,89.785713,87.809998,88.068573,2728800,88.068573
"2015-05-20",88.214287,89.108574,87.362854,88.790001,1822400,88.790001
"2015-05-21",89.081429,89.571426,88.181427,89.002853,1823900,89.002853
"2015-05-22",89.178574,89.407143,88.692856,88.83857,1066600,88.83857
"2015-05-26",88.874283,89.061432,87.785713,87.992859,1378000,87.992859
"2015-05-27",88.14286,89.907143,87.928574,89.85714,1500900,89.85714
"2015-05-28",89.714287,89.855713,88.93,89.507141,1117400,89.507141
"2015-05-29",89.472855,90.205711,88.955711,89.151428,1769000,89.151428
"2015-06-01",88.837143,89.121429,87.944283,89.002853,1418000,89.002853
"2015-06-02",88.711426,89.678574,88.405716,89.129997,1073200,89.129997
"2015-06-03",89.242859,89.732857,88.644287,88.808571,891100,88.808571
"2015-06-04",88.378571,89.428574,88.042854,89.348572,1439200,89.348572
"2015-06-05",89.214287,90.540001,89.125717,90.459999,1660600,90.459999
"2015-06-08",90.714287,90.815712,88.995712,89.604286,1591000,89.604286
"2015-06-09",89.334282,92.714287,89.334282,92.449997,3146400,92.449997
"2015-06-10",93.395714,98.970001,93.225716,95.871429,8160200,95.871429
"2015-06-11",96.889999,96.918571,94.087143,95.094284,3803300,95.094284
"2015-06-12",94.915718,95.342857,94.124283,94.418571,1468400,94.418571
"2015-06-15",92.85714,93.591431,91.658569,93.431427,2722000,93.431427
"2015-06-16",94.242859,95.60714,93.691429,95.272858,2291900,95.272858
"2015-06-17",95.132858,95.132858,93.957146,94.271431,1415000,94.271431
"2015-06-18",94.651428,95.341431,94.368568,94.742859,1280400,94.742859
"2015-06-19",96.242859,96.418571,93.821426,93.871429,2830700,93.871429
"2015-06-22",95.042854,96.692856,94.188568,96.414284,2390400,96.414284
"2015-06-23",96.335716,97.389999,95.75,97.312859,2232300,97.312859
"2015-06-24",100.014282,100.891426,96.397141,96.944283,11019800,96.944283
"2015-06-25",95.48143,96,93.458572,94.891426,5946200,94.891426
"2015-06-26",95.300003,95.314285,93.08857,93.08857,4330700,93.08857
"2015-06-29",91.505714,92.912857,91.117142,92.23143,3510800,92.23143
"2015-06-30",93.35714,94.355713,92.785713,93.848572,2411500,93.848572
"2015-07-01",94.805717,95.238571,93.218575,93.635712,2099900,93.635712
"2015-07-02",93.998573,94.19857,93.214287,94.044289,1579000,94.044289
"2015-07-06",93.472855,94.928574,93.339996,94.571426,1686900,94.571426
"2015-07-07",95.012856,95.427139,92.622856,94.091431,3081900,94.091431
"2015-07-08",93.471428,93.995712,92.284286,93.507141,1855800,93.507141
"2015-07-09",94.900002,95.845711,94.285713,95.727142,2390200,95.727142
"2015-07-10",97.522858,98.502853,96.900002,97.228569,3090900,97.228569
"2015-07-13",98.098572,102.308571,98.078575,101.087143,4743600,101.087143
"2015-07-14",101.271431,101.635712,99.652855,100.371429,2819500,100.371429
"2015-07-15",99.970001,100.75,97.050003,98.129997,30898600,98.129997
"2015-07-16",111.019997,116.489998,107.68,115.809998,63461000,115.809998
"2015-07-17",117.339996,117.879997,114.239998,114.769997,25136900,114.769997
"2015-07-20",114.699997,114.699997,110.139999,110.550003,22676900,110.550003
"2015-07-21",110.209999,113.709999,109.32,112.510002,14085400,112.510002
"2015-07-22",112.139999,113.879997,110.559998,111.5,10500500,111.5
"2015-07-23",110.910004,112.18,109.839996,110.099998,8306800,110.099998
"2015-07-24",111.550003,111.68,108.900002,109.339996,8125100,109.339996
"2015-07-27",107.790001,109.860001,106.25,106.43,11302600,106.43
"2015-07-28",107.290001,107.940002,103.879997,106.900002,11155900,106.900002
"2015-07-29",106.830002,107.75,105.400002,107.080002,6695600,107.080002
"2015-07-30",106.400002,111.900002,105.400002,111.559998,14229200,111.559998
"2015-07-31",111.949997,115,111.150002,114.309998,16349100,114.309998
"2015-08-03",114.599998,114.599998,111.779999,112.559998,10144800,112.559998
"2015-08-04",113.150002,122.790001,113,121.150002,29653300,121.150002
"2015-08-05",125.620003,129.289993,122.709999,123.709999,26946500,123.709999
"2015-08-06",126.290001,128.850006,122.040001,126.449997,24716700,126.449997
"2015-08-07",126.419998,126.599998,121.300003,123.519997,17360700,123.519997
"2015-08-10",126.089996,126.5,121.510002,123.029999,13424600,123.029999
"2015-08-11",120.010002,123.760002,120,122.739998,11047600,122.739998
"2015-08-12",121.470001,122.449997,118.660004,120.510002,13822500,120.510002
"2015-08-13",120.989998,125.730003,119.339996,123.730003,15284400,123.730003
"2015-08-14",124.959999,125,123,123.389999,8631900,123.389999
"2015-08-17",123.139999,125.699997,122.589996,125.360001,9233800,125.360001
"2015-08-18",125.260002,126.75,123.550003,124.050003,9382000,124.050003
"2015-08-19",123.5,123.699997,121.5,122.059998,10115300,122.059998
"2015-08-20",119.800003,121.449997,111.339996,112.489998,28045300,112.489998
"2015-08-21",106.199997,110,102.75,103.959999,33228300,103.959999
"2015-08-24",88.75,109.629997,85.5,96.879997,59951900,96.879997
"2015-08-25",107.75,107.879997,101.5,101.519997,37620700,101.519997
"2015-08-26",107.150002,110.279999,102.019997,110.129997,36164600,110.129997
"2015-08-27",114.940002,118.25,113.019997,117.660004,37056100,117.660004
"2015-08-28",116.349998,119.349998,115.879997,117.629997,20240200,117.629997
"2015-08-31",115.239998,117,113.760002,115.029999,16855800,115.029999
"2015-09-01",109.349998,111.239998,103.82,105.790001,35977100,105.790001
"2015-09-02",109.309998,109.5,100.300003,105.440002,39843300,105.440002
"2015-09-03",102.690002,104.169998,100.110001,101.059998,29546700,101.059998
"2015-09-04",98.050003,99.93,97.339996,98.790001,24212000,98.790001
"2015-09-08",102.080002,102.5,93.550003,94.949997,43479700,94.949997
"2015-09-09",96.510002,102.790001,95.519997,99.18,35416300,99.18
"2015-09-10",99.419998,100.849998,96.779999,99.480003,21031900,99.480003
"2015-09-11",98.57,100.849998,97.230003,97.510002,17373900,97.510002
"2015-09-14",96.839996,97.910004,94.330002,95.690002,15546000,95.690002
"2015-09-15",95.220001,99.650002,93.610001,99.160004,22299200,99.160004
"2015-09-16",99.699997,104.480003,99.330002,104.080002,28058200,104.080002
"2015-09-17",103.669998,107.5,101.830002,104.209999,25817700,104.209999
"2015-09-18",102,104.360001,100.709999,102.620003,21594400,102.620003
"2015-09-21",103.300003,103.769997,99.559998,100.300003,17900600,100.300003
"2015-09-22",98.290001,99.900002,97,98.470001,16717900,98.470001
"2015-09-23",98.599998,99.739998,97.660004,98.07,10264500,98.07
"2015-09-24",97.110001,104,96.779999,103.760002,21274500,103.760002
"2015-09-25",105.300003,105.449997,101.57,102.239998,19066600,102.239998
"2015-09-28",101.57,103.330002,97.839996,99.470001,17026600,99.470001
"2015-09-29",99.629997,100.629997,96.849998,98.349998,17405900,98.349998
"2015-09-30",99.910004,103.459999,99.050003,103.260002,16971300,103.260002
"2015-10-01",102.910004,106.110001,101.120003,105.980003,17426900,105.980003
"2015-10-02",103.010002,106.870003,101.449997,106.110001,21526700,106.110001
"2015-10-05",107.480003,112.279999,105.760002,111.25,21157900,111.25
"2015-10-06",110.330002,112.25,105.639999,108.330002,20629800,108.330002
"2015-10-07",108.839996,109.779999,106.75,108.099998,12329500,108.099998
"2015-10-08",107.940002,115.050003,102.599998,114.93,42831900,114.93
"2015-10-09",114.110001,115.830002,112.440002,113.330002,22455200,113.330002
"2015-10-12",114.449997,115.419998,112.360001,113.449997,12624500,113.449997
"2015-10-13",112.849998,113.720001,108.779999,109.730003,17512100,109.730003
"2015-10-14",111.5,111.629997,108.050003,110.230003,33231500,110.230003
"2015-10-15",103.769997,104.879997,99.099998,101.089996,48484300,101.089996
"2015-10-16",100.209999,101.650002,98.410004,98.989998,21340500,98.989998
"2015-10-19",98.07,103.620003,96.260002,101.690002,29964700,101.690002
"2015-10-20",101.059998,102.110001,97.580002,98.989998,17285300,98.989998
"2015-10-21",99.669998,100.339996,97.010002,97.959999,13728500,97.959999
"2015-10-22",98.07,99.93,96.860001,97.32,12786800,97.32
"2015-10-23",97.610001,101.559998,97.269997,100.040001,18019900,100.040001
"2015-10-26",100.050003,103.309998,99.379997,103.040001,12234800,103.040001
"2015-10-27",102.580002,104.720001,101.230003,103.07,12066400,103.07
"2015-10-28",102.900002,106.209999,102.059998,105.800003,13094000,105.800003
"2015-10-29",105,106.910004,104.75,105.120003,9802700,105.120003
"2015-10-30",105.120003,110.099998,104.900002,108.379997,15571500,108.379997
"2015-11-02",109.199997,109.370003,106.300003,107.639999,11784600,107.639999
"2015-11-03",107.360001,111.050003,107.239998,109.739998,12484100,109.739998
"2015-11-04",110.360001,114.279999,109.389999,114.050003,17207500,114.050003
"2015-11-05",113.75,115.68,111.720001,113.5,13814900,113.5
"2015-11-06",113.389999,114.800003,112.050003,114.059998,10936600,114.059998
"2015-11-09",113.360001,114,108.639999,109.860001,16154600,109.860001
"2015-11-10",108.860001,112.839996,108.010002,112.699997,11166400,112.699997
"2015-11-11",113.080002,114.610001,111.410004,112.860001,11039200,112.860001
"2015-11-12",112.519997,115.25,108.199997,108.919998,17568200,108.919998
"2015-11-13",108.339996,109.07,103.269997,103.650002,18819400,103.650002
"2015-11-16",102.970001,111.650002,101.860001,111.349998,19866200,111.349998
"2015-11-17",112.110001,118.790001,111.699997,117.099998,33016300,117.099998
"2015-11-18",117.940002,121,116.099998,120.629997,23353600,120.629997
"2015-11-19",120.25,123.129997,119.610001,120.220001,19253200,120.220001
"2015-11-20",120.849998,124.07,119.209999,123.839996,17977000,123.839996
"2015-11-23",124.300003,126.199997,121.660004,125.029999,15727000,125.029999
"2015-11-24",123.669998,124.660004,120.029999,123.309998,18335300,123.309998
"2015-11-25",124.230003,125.199997,122.360001,124.160004,10980700,124.160004
"2015-11-27",123.849998,126.389999,123.589996,125.440002,6645500,125.440002
"2015-11-30",126.029999,126.599998,122.889999,123.330002,13894000,123.330002
"2015-12-01",124.470001,125.57,122.419998,125.370003,12550800,125.370003
"2015-12-02",125.529999,131.350006,124.93,128.929993,24105700,128.929993
"2015-12-03",129.619995,132.199997,126.389999,126.809998,26647300,126.809998
"2015-12-04",127,130.990005,125.75,130.929993,20250400,130.929993
"2015-12-07",131.190002,133.270004,122.75,125.360001,23351600,125.360001
"2015-12-08",121.510002,128.240005,121.099998,126.980003,18591100,126.980003
"2015-12-09",127.699997,128.779999,122.330002,124.199997,17788800,124.199997
"2015-12-10",124.5,125.209999,121.620003,122.910004,13437500,122.910004
"2015-12-11",121.449997,123,118.599998,118.910004,16105300,118.910004
"2015-12-14",119.769997,120.900002,114.660004,120.669998,18679300,120.669998
"2015-12-15",121.93,123.300003,118.540001,118.599998,11760000,118.599998
"2015-12-16",119.800003,123,118.089996,122.639999,13181000,122.639999
"2015-12-17",123.970001,126.349998,122.419998,122.510002,17284900,122.510002
"2015-12-18",120.849998,122.190002,117.919998,118.019997,17948100,118.019997
"2015-12-21",119.510002,119.589996,115.660004,116.629997,11670000,116.629997
"2015-12-22",117.300003,117.43,114.860001,116.239998,9660900,116.239998
"2015-12-23",116.910004,118.559998,115.779999,118.160004,9324300,118.160004
"2015-12-24",118.220001,118.800003,117.300003,117.330002,3541400,117.330002
"2015-12-28",117.260002,117.349998,113.849998,117.110001,8406300,117.110001
"2015-12-29",118.190002,119.599998,116.919998,119.120003,8159200,119.120003
"2015-12-30",118.949997,119.019997,116.43,116.709999,8149700,116.709999
"2015-12-31",116.209999,117.459999,114.279999,114.379997,9273000,114.379997
"2016-01-04",109,110,105.209999,109.959999,20794800,109.959999
"2016-01-05",110.449997,110.580002,105.849998,107.660004,17664600,107.660004
"2016-01-06",105.290001,117.910004,104.959999,117.68,33045700,117.68
"2016-01-07",116.360001,122.18,112.290001,114.559998,33636700,114.559998
"2016-01-08",116.330002,117.720001,111.099998,111.389999,18067100,111.389999
"2016-01-11",112.129997,116.790001,111.199997,114.970001,21865700,114.970001
"2016-01-12",116.110001,117.779999,115.080002,116.580002,15133500,116.580002
"2016-01-13",114.43,114.480003,104.529999,106.559998,24921600,106.559998
"2016-01-14",105.650002,109.25,101.209999,107.059998,23664800,107.059998
"2016-01-15",102.43,105.5,101.720001,104.040001,19775100,104.040001
"2016-01-19",106.57,110.139999,105.550003,107.889999,35722800,107.889999
"2016-01-20",108.910004,109.989998,97.050003,107.739998,53009400,107.739998
"2016-01-21",108.32,108.510002,102.099998,102.349998,31027500,102.349998
"2016-01-22",104.720001,104.989998,99.220001,100.720001,26821800,100.720001
"2016-01-25",99.779999,102.68,99,99.120003,20321100,99.120003
"2016-01-26",99.739998,100.550003,94.849998,97.830002,22024700,97.830002
"2016-01-27",96.610001,97.849998,90.589996,91.150002,25556200,91.150002
"2016-01-28",93.839996,95.25,90.110001,94.410004,24562300,94.410004
"2016-01-29",92,94.389999,90.629997,91.839996,20463900,91.839996
"2016-02-01",91.790001,97.18,91.300003,94.089996,19684500,94.089996
"2016-02-02",95.540001,96.650002,90.730003,91.489998,21906500,91.489998
"2016-02-03",92.410004,92.690002,86.139999,90.739998,27466000,90.739998
"2016-02-04",89.5,91.25,86.540001,89.709999,19055400,89.709999
"2016-02-05",88.230003,88.949997,81.860001,82.790001,25929300,82.790001
"2016-02-08",80.57,84.699997,79.949997,83.32,25035600,83.32
"2016-02-09",81.75,88.400002,81.550003,86.129997,25822400,86.129997
"2016-02-10",89,92.209999,87.419998,88.449997,23146500,88.449997
"2016-02-11",87.419998,88.389999,82.910004,86.349998,21820300,86.349998
"2016-02-12",86.639999,89.720001,85.260002,87.400002,19067700,87.400002
"2016-02-16",89,90.139999,87.540001,89.050003,16356600,89.050003
"2016-02-17",90.129997,94.769997,89.639999,94.760002,18323800,94.760002
"2016-02-18",94.800003,94.900002,90.309998,90.489998,17695300,90.489998
"2016-02-19",89.980003,91.400002,88.029999,89.230003,14259200,89.230003
"2016-02-22",90.75,93.110001,88.300003,91.93,16321800,91.93
"2016-02-23",91.400002,92.489998,89.050003,89.120003,12744400,89.120003
"2016-02-24",88.5,91.760002,86.699997,91.610001,15972800,91.610001
"2016-02-25",91.080002,94.809998,90.209999,94.529999,17852900,94.529999
"2016-02-26",95.300003,97.480003,94.25,94.790001,16975200,94.790001
"2016-02-29",94.809998,97.199997,93.339996,93.410004,13663100,93.410004
"2016-03-01",94.580002,99.160004,93.610001,98.300003,17048800,98.300003
"2016-03-02",98.010002,99.480003,95.900002,97.610001,19102800,97.610001
"2016-03-03",97.830002,98.349998,95.389999,97.93,15303600,97.93
"2016-03-04",98.760002,102.220001,98.32,101.580002,23414600,101.580002
"2016-03-07",101,101.790001,95.25,95.489998,23855200,95.489998
"2016-03-08",95,98.279999,94.5,96.230003,14797000,96.230003
"2016-03-09",96.82,98.370003,95,98,12298700,98
"2016-03-10",98.18,99.739998,95.449997,97.360001,16979400,97.360001
"2016-03-11",99.510002,99.599998,96.050003,97.660004,15114300,97.660004
"2016-03-14",97.199997,99.419998,97.169998,98.129997,11251900,98.129997
"2016-03-15",97.870003,98.510002,96.43,97.860001,9691800,97.860001
"2016-03-16",97.529999,99.730003,97.5,99.349998,12630500,99.349998
"2016-03-17",99.050003,101.389999,99,99.720001,13825000,99.720001
"2016-03-18",100.5,102.410004,100.010002,101.120003,15453500,101.120003
"2016-03-21",101.150002,102.099998,99.5,101.059998,9578500,101.059998
"2016-03-22",100.480003,101.519997,99.199997,99.839996,9069900,99.839996
"2016-03-23",99.75,100.389999,98.809998,99.589996,8313500,99.589996
"2016-03-24",98.639999,98.849998,97.07,98.360001,10671100,98.360001
"2016-03-28",98.339996,101.440002,97.82,101.209999,12432200,101.209999
"2016-03-29",101.080002,104.330002,101,104.129997,15950600,104.129997
"2016-03-30",104.650002,104.910004,101.480003,102.190002,14705000,102.190002
"2016-03-31",102.43,103.529999,101.050003,102.230003,9747500,102.230003
"2016-04-01",102.93,105.790001,102.470001,105.699997,14182400,105.699997
"2016-04-04",105.900002,105.919998,103.199997,104.349998,10940400,104.349998
"2016-04-05",103.470001,105.75,103.25,104.940002,10060900,104.940002
"2016-04-06",105.300003,106.440002,104.25,104.830002,9585900,104.830002
"2016-04-07",104.309998,106.440002,103.599998,104.449997,10774900,104.449997
"2016-04-08",105.120003,105.330002,102.82,103.809998,7857600,103.809998
"2016-04-11",104.040001,104.980003,102.620003,102.68,7451300,102.68
"2016-04-12",103.150002,107.220001,102.209999,106.980003,12310200,106.980003
"2016-04-13",108,111.279999,107.879997,109.650002,16701700,109.650002
"2016-04-14",110.010002,111.639999,109.150002,110.419998,9532500,110.419998
"2016-04-15",110.639999,111.849998,109.779999,111.510002,11746100,111.510002
"2016-04-18",109.900002,110.699997,106.019997,108.400002,27001500,108.400002
"2016-04-19",99.489998,101.370003,94.199997,94.339996,55728800,94.339996
"2016-04-20",94.339996,96.980003,93.139999,96.769997,26613500,96.769997
"2016-04-21",97.309998,97.379997,94.779999,94.980003,19919400,94.980003
"2016-04-22",94.849998,96.690002,94.209999,95.900002,15806300,95.900002
"2016-04-25",95.699997,95.75,92.800003,93.559998,14985400,93.559998
"2016-04-26",93.5,93.550003,91.25,92.43,15330900,92.43
"2016-04-27",92.18,92.5,90.209999,91.040001,12218900,91.040001
"2016-04-28",91.5,92.669998,90.089996,90.279999,11474900,90.279999
"2016-04-29",90.5,90.559998,88.209999,90.029999,13968000,90.029999
"2016-05-02",90.410004,93.220001,89.889999,93.110001,12547000,93.110001
"2016-05-03",92.080002,93.25,91.300003,91.540001,10593900,91.540001
"2016-05-04",91,92.160004,90.349998,90.790001,7356800,90.790001
"2016-05-05",90.910004,92.080002,89.25,89.370003,10368500,89.370003
"2016-05-06",88.830002,90.879997,88.110001,90.839996,10433900,90.839996
"2016-05-09",90.730003,91.830002,89.900002,90.540001,9543700,90.540001
"2016-05-10",91.139999,93.25,91.089996,92.889999,11164200,92.889999
"2016-05-11",92.400002,92.589996,89.900002,90.019997,11692900,90.019997
"2016-05-12",90.32,90.410004,85.739998,87.739998,20408100,87.739998
"2016-05-13",87.389999,88.589996,86.260002,87.879997,11571400,87.879997
"2016-05-16",87.559998,90,86.150002,89.120003,11247800,89.120003
"2016-05-17",89,90.870003,88.169998,88.629997,11571300,88.629997
"2016-05-18",88.25,91.720001,88.25,90.5,13911800,90.5
"2016-05-19",90.160004,91.269997,88.300003,89.550003,11450300,89.550003
"2016-05-20",90.080002,93.279999,89.980003,92.489998,15063000,92.489998
"2016-05-23",92.980003,95.290001,92.849998,94.889999,13962700,94.889999
"2016-05-24",95.980003,99.139999,95.75,97.889999,21246000,97.889999
"2016-05-25",99,100.309998,98.300003,100.199997,15142900,100.199997
"2016-05-26",103.209999,104,101.379997,102.809998,17791400,102.809998
"2016-05-27",102.440002,103.5,101.440002,103.300003,9092100,103.300003
"2016-05-31",102.949997,103.449997,102.129997,102.57,8725700,102.57
"2016-06-01",101.5,101.919998,100.160004,101.510002,8393400,101.510002
"2016-06-02",101.389999,102.150002,100.769997,101.25,7979900,101.25
"2016-06-03",100.989998,101,98.529999,99.589996,9224000,99.589996
"2016-06-06",100.290001,101.07,99.720001,100.739998,6828100,100.739998
"2016-06-07",101.199997,101.629997,99.769997,99.889999,6474700,99.889999
"2016-06-08",100.019997,100.279999,97.599998,97.860001,9423900,97.860001
"2016-06-09",97.220001,98.43,96.660004,97.089996,8923800,97.089996
"2016-06-10",94.879997,95.349998,93.279999,93.75,12907900,93.75
"2016-06-13",95.019997,97.199997,93.620003,93.849998,13484300,93.849998
"2016-06-14",94.160004,95.800003,93.269997,94.120003,9480400,94.120003
"2016-06-15",94.610001,95.459999,93.5,94.290001,7675400,94.290001
"2016-06-16",94.18,95.559998,93.25,95.440002,7550800,95.440002
"2016-06-17",95.75,95.769997,94.199997,94.449997,8046800,94.449997
"2016-06-20",95.220001,95.879997,93.650002,93.800003,9026400,93.800003
"2016-06-21",93.870003,93.879997,90.769997,90.989998,15199700,90.989998
"2016-06-22",90.779999,91.980003,89.769997,90.010002,9454700,90.010002
"2016-06-23",90.620003,91.68,88.150002,91.660004,10819000,91.660004
"2016-06-24",87.529999,90.489998,87.209999,88.440002,11248600,88.440002
"2016-06-27",87.879997,88,84.809998,85.330002,13730500,85.330002
"2016-06-28",87.410004,88.879997,86.410004,87.970001,11545600,87.970001
"2016-06-29",89.669998,91.970001,88.699997,91.059998,11687100,91.059998
"2016-06-30",90.910004,91.720001,89.900002,91.480003,9099000,91.480003
"2016-07-01",95,97,94.800003,96.669998,16167200,96.669998
"2016-07-05",95.199997,101.269997,93.309998,97.910004,25879400,97.910004
"2016-07-06",95.029999,96,93.550003,94.599998,16301200,94.599998
"2016-07-07",94.699997,95.379997,93.18,95.099998,9902700,95.099998
"2016-07-08",96,97.410004,95.300003,97.059998,8335400,97.059998
"2016-07-11",96.190002,96.870003,94.300003,94.669998,13276200,94.669998
"2016-07-12",95.07,96.720001,94.089996,95.970001,11617400,95.970001
"2016-07-13",96.260002,96.720001,94.800003,96.43,8768900,96.43
"2016-07-14",97,98.269997,96.800003,98.019997,9885000,98.019997
"2016-07-15",98.519997,98.699997,97.410004,98.389999,9041900,98.389999
"2016-07-18",98.43,99.839996,97.239998,98.809998,28669700,98.809998
"2016-07-19",85.43,86.75,84.5,85.839996,55681200,85.839996
"2016-07-20",86.669998,88.489998,85.82,87.910004,23525100,87.910004
"2016-07-21",88.300003,88.379997,85.209999,85.989998,16084000,85.989998
"2016-07-22",86.480003,86.5,85.110001,85.889999,11363900,85.889999
"2016-07-25",85.730003,87.870003,85.010002,87.660004,14135000,87.660004
"2016-07-26",91.029999,93.099998,90.900002,91.410004,19577600,91.410004
"2016-07-27",91.5,92.059998,90.099998,92.040001,8672000,92.040001
"2016-07-28",91.919998,92.209999,90.68,91.650002,6227700,91.650002
"2016-07-29",91.190002,91.75,90.589996,91.25,6960200,91.25
"2016-08-01",91.230003,94.669998,90.5,94.370003,10666900,94.370003
"2016-08-02",94,94.080002,92.18,93.559998,9836200,93.559998
"2016-08-03",93.279999,94.669998,92.550003,93.099998,7030900,93.099998
"2016-08-04",93.199997,93.730003,91.82,93.440002,6026400,93.440002
"2016-08-05",93.769997,97.739998,93.559998,97.029999,18364800,97.029999
"2016-08-08",95.910004,95.93,94,95.110001,10135400,95.110001
"2016-08-09",95.120003,95.809998,93.480003,93.989998,9175400,93.989998
"2016-08-10",94.400002,94.75,92.949997,93.93,6511100,93.93
"2016-08-11",94.599998,96.330002,94.370003,95.889999,8535500,95.889999
"2016-08-12",95.529999,96.830002,95.080002,96.589996,6592900,96.589996
"2016-08-15",96.830002,96.910004,95.239998,95.309998,7304600,95.309998
"2016-08-16",95.190002,95.610001,94.400002,95.120003,6311300,95.120003
"2016-08-17",94.940002,96.93,94.849998,96.370003,8315600,96.370003
"2016-08-18",95.980003,97.220001,95.169998,96.160004,7252600,96.160004
"2016-08-19",96.050003,96.779999,95.510002,95.870003,6942900,95.870003
"2016-08-22",95.669998,96.129997,94.949997,95.260002,5830500,95.260002
"2016-08-23",95.68,96.589996,95.480003,95.940002,5239100,95.940002
"2016-08-24",96.129997,96.360001,94.910004,95.18,6276500,95.18
"2016-08-25",96.379997,98.25,96.040001,97.32,10823100,97.32
"2016-08-26",97.330002,97.949997,96.57,97.580002,6617600,97.580002
"2016-08-29",96.970001,98.449997,96.57,97.300003,7972700,97.300003
"2016-08-30",97.839996,98.849998,97.139999,97.449997,6093500,97.449997
"2016-08-31",97.480003,97.879997,96.760002,97.449997,4690600,97.449997
"2016-09-01",97.809998,97.980003,96.919998,97.379997,4148600,97.379997
"2016-09-02",97.900002,98.18,97.010002,97.379997,4247200,97.379997
"2016-09-06",97.760002,100.32,97.650002,100.089996,9036100,100.089996
"2016-09-07",100.110001,100.190002,98.419998,99.150002,6468500,99.150002
"2016-09-08",99.230003,100.050003,98.82,99.660004,5198200,99.660004
"2016-09-09",99.059998,99.389999,96.5,96.5,7373300,96.5
"2016-09-12",95.910004,99.290001,95.709999,99.050003,7718400,99.050003
"2016-09-13",97.169998,98,95.330002,96.089996,11788100,96.089996
"2016-09-14",97.349998,98.349998,96.959999,97.010002,8481000,97.010002
"2016-09-15",97.230003,97.970001,96.529999,97.339996,5293500,97.339996
"2016-09-16",97.099998,99.489998,97.040001,99.480003,9445100,99.480003
"2016-09-19",99.900002,100.349998,97.82,98.059998,8608800,98.059998
"2016-09-20",98.779999,99.160004,97.660004,98.25,4736800,98.25
"2016-09-21",96.900002,97.099998,93.260002,94.879997,20042200,94.879997
"2016-09-22",95.540001,95.879997,94.230003,95.830002,11215000,95.830002
"2016-09-23",95.75,96.970001,95.43,95.940002,6179500,95.940002
"2016-09-26",95.379997,95.379997,94.040001,94.559998,6739200,94.559998
"2016-09-27",95.040001,97.639999,95,97.07,9680100,97.07
"2016-09-28",97.099998,97.589996,96.019997,97.480003,7235100,97.480003
"2016-09-29",97.309998,98.309998,96.599998,96.669998,6217600,96.669998
"2016-09-30",96.900002,99.529999,96.790001,98.550003,9807900,98.550003
"2016-10-03",98,103.389999,98,102.629997,15344500,102.629997
"2016-10-04",103.190002,104.440002,101.860001,102.339996,12143100,102.339996
"2016-10-05",103.5,106.970001,103.43,106.279999,12942900,106.279999
"2016-10-06",104.970001,105.470001,103.879997,105.07,6587700,105.07
"2016-10-07",103.980003,106.5,103.550003,104.82,8659500,104.82
"2016-10-10",103.18,104.529999,102.760002,103.330002,6679100,103.330002
"2016-10-11",102.309998,102.900002,99.860001,100.589996,9032900,100.589996
"2016-10-12",100.879997,102.470001,99.220001,99.5,7426500,99.5
"2016-10-13",98.010002,100.5,97.629997,100.230003,8319300,100.230003
"2016-10-14",101.589996,102.099998,100.349998,101.470001,9531100,101.470001
"2016-10-17",100.5,100.730003,98.379997,99.800003,26589500,99.800003
"2016-10-18",116.629997,119.82,116.5,118.790001,42053700,118.790001
"2016-10-19",118.25,122.449997,118,121.870003,21981700,121.870003
"2016-10-20",121.970001,123.75,121.059998,123.349998,14492800,123.349998
"2016-10-21",122.5,127.849998,122.309998,127.5,18832400,127.5
"2016-10-24",127.419998,129.289993,126.150002,127.330002,15980700,127.330002
"2016-10-25",126.519997,128.059998,125.75,126.510002,8253900,126.510002
"2016-10-26",126.290001,128.720001,125.75,126.970001,8602400,126.970001
"2016-10-27",127.43,128.179993,125.93,126.470001,6914200,126.470001
"2016-10-28",126.080002,128.929993,126.010002,126.57,7077300,126.57
"2016-10-31",126.849998,126.900002,124.400002,124.870003,6517500,124.870003
"2016-11-01",124.980003,125.830002,121.800003,123.300003,6978600,123.300003
"2016-11-02",122.830002,124.07,121.830002,122.339996,4816500,122.339996
"2016-11-03",122.309998,123.720001,121.839996,122.139999,5041300,122.139999
"2016-11-04",122,123.43,121.620003,122.029999,5077700,122.029999
"2016-11-07",124.260002,125.75,123.370003,124.580002,5827100,124.580002
"2016-11-08",124.120003,125.809998,123.220001,124.339996,4667300,124.339996
"2016-11-09",121.839996,123.650002,120.860001,122.190002,7705700,122.190002
"2016-11-10",122.760002,122.970001,113.699997,115.419998,19718700,115.419998
"2016-11-11",114.900002,116.629997,113.110001,114.779999,11080300,114.779999
"2016-11-14",114.75,115.900002,110.68,113.379997,9923700,113.379997
"2016-11-15",114.550003,116.410004,113.089996,113.589996,7445100,113.589996
"2016-11-16",112.959999,116.120003,111.809998,115.190002,5924800,115.190002
"2016-11-17",115.129997,116.809998,113.559998,115.029999,6232700,115.029999
"2016-11-18",115.730003,116.419998,113.510002,115.209999,6746800,115.209999
"2016-11-21",116.199997,118.720001,116.190002,117.959999,7064500,117.959999
"2016-11-22",118.32,119.459999,116.980003,118.040001,7007200,118.040001
"2016-11-23",117.760002,118.889999,117.309998,117.690002,4517400,117.690002
"2016-11-25",117.639999,118.389999,117.18,117.410004,1616300,117.410004
"2016-11-28",117.050003,117.620003,115.709999,116.93,5278900,116.93
"2016-11-29",117.300003,119.18,117.129997,117.510002,7082300,117.510002
"2016-11-30",119,120.370003,116.389999,117,7715100,117
"2016-12-01",117.519997,118.68,113.949997,117.220001,8636900,117.220001
"2016-12-02",116.75,120.980003,116.75,120.809998,8953600,120.809998
"2016-12-05",120.730003,120.75,118.400002,119.160004,7626300,119.160004
"2016-12-06",120.099998,124.790001,119.419998,124.57,11513200,124.57
"2016-12-07",124.480003,125.75,123.25,125.389999,8204700,125.389999
"2016-12-08",125.400002,126.349998,122.160004,123.239998,8987700,123.239998
"2016-12-09",123.779999,124.300003,121.730003,122.879997,4700800,122.879997
"2016-12-12",122.839996,124.029999,122.300003,122.830002,3917600,122.830002
"2016-12-13",123.510002,125.089996,122.779999,123.779999,5564500,123.779999
"2016-12-14",123.43,124.400002,122.5,123.440002,6110300,123.440002
"2016-12-15",123.440002,127.43,122.949997,125,7376200,125
"2016-12-16",126.389999,126.68,124.010002,124.220001,7821700,124.220001
"2016-12-19",124.300003,126.440002,122.870003,125.449997,4867300,125.449997
"2016-12-20",125.459999,126.300003,124.639999,125.120003,3937800,125.120003
"2016-12-21",125.529999,127.739998,125,126.5,6514800,126.5
"2016-12-22",126.839996,127.5,125.18,125.580002,4160700,125.580002
"2016-12-23",125.610001,126.279999,125.080002,125.589996,2002100,125.589996
"2016-12-27",126.239998,129.050003,125.699997,128.350006,5288200,128.350006
"2016-12-28",129.070007,129.070007,125.760002,125.889999,4389200,125.889999
"2016-12-29",125.949997,126.139999,124.199997,125.330002,3443700,125.330002
"2016-12-30",126.239998,126.57,123.599998,123.800003,4455400,123.800003
"2017-01-03",124.959999,128.190002,124.309998,127.489998,9437900,127.489998
"2017-01-04",127.489998,130.169998,126.550003,129.410004,7843600,129.410004
"2017-01-05",129.220001,132.75,128.899994,131.809998,10185500,131.809998
"2017-01-06",132.080002,133.880005,129.809998,131.070007,10657900,131.070007
"2017-01-09",131.479996,131.990005,129.889999,130.949997,5766900,130.949997
"2017-01-10",131.270004,132.220001,129.289993,129.889999,5985800,129.889999
"2017-01-11",130.910004,131.5,129.25,130.5,5615100,130.5
"2017-01-12",130.630005,130.850006,128.5,129.179993,5388900,129.179993
"2017-01-13",131.149994,133.929993,130.580002,133.699997,10515000,133.699997
"2017-01-17",135.039993,135.399994,132.089996,132.889999,12183200,132.889999
"2017-01-18",133.210007,133.649994,131.059998,133.259995,16168600,133.259995
"2017-01-19",142.009995,143.460007,138.25,138.410004,23203400,138.410004
"2017-01-20",139.360001,140.789993,137.660004,138.600006,9497400,138.600006
"2017-01-23",138.649994,139.490005,137.309998,137.389999,7433900,137.389999
"2017-01-24",138.110001,140.929993,137.029999,140.110001,7754700,140.110001
"2017-01-25",140.800003,141.389999,139.050003,139.520004,7238100,139.520004
"2017-01-26",140.449997,141.210007,138.509995,138.960007,6038300,138.960007
"2017-01-27",139.460007,142.490005,139,142.449997,8323900,142.449997
"2017-01-30",141.770004,141.970001,138.800003,141.220001,8122500,141.220001
"2017-01-31",140.550003,141.830002,139.699997,140.710007,4411600,140.710007
"2017-02-01",141.199997,142.410004,139.300003,140.779999,6033400,140.779999
"2017-02-02",140.610001,141.039993,139.050003,139.199997,3462400,139.199997
"2017-02-03",139.509995,140.639999,139.100006,140.25,3512600,140.25
"2017-02-06",140,141,139.160004,140.970001,3552100,140.970001
"2017-02-07",141.490005,144.279999,141.050003,144,8573500,144
"2017-02-08",143.570007,145.070007,142.559998,144.740005,6887100,144.740005
"2017-02-09",144.979996,145.089996,143.580002,144.139999,4555100,144.139999
"2017-02-10",144.679993,145.300003,143.970001,144.820007,6171900,144.820007
"2017-02-13",145.190002,145.949997,143.050003,143.199997,4790400,143.199997
"2017-02-14",143.199997,144.110001,140.050003,140.820007,8355000,140.820007
"2017-02-15",140.720001,142.429993,140.509995,142.270004,5309100,142.270004
"2017-02-16",142.419998,142.440002,141.070007,142.009995,2847500,142.009995
"2017-02-17",141.75,142.899994,141.270004,142.220001,4588100,142.220001
"2017-02-21",142.990005,143.380005,141.809998,142.600006,3571500,142.600006
"2017-02-22",142.919998,144,142.169998,143.860001,3482000,143.860001
"2017-02-23",144.449997,144.490005,141.520004,142.779999,4668000,142.779999
"2017-02-24",141.880005,143.559998,141.550003,143.25,3302700,143.25
"2017-02-27",143.119995,143.919998,142.380005,143.410004,3907400,143.410004
"2017-02-28",143.300003,143.570007,141.850006,142.130005,3862200,142.130005
"2017-03-01",142.839996,143.259995,142.100006,142.649994,4170600,142.649994
"2017-03-02",142.149994,142.699997,139.089996,139.529999,6119900,139.529999
"2017-03-03",139.690002,140.910004,138.259995,139.139999,5399800,139.139999
"2017-03-06",141,142.839996,140.539993,141.940002,7116100,141.940002
"2017-03-07",141.990005,142.399994,140.380005,141.429993,4241000,141.429993
"2017-03-08",141.470001,142.059998,139.770004,140.320007,4085500,140.320007
"2017-03-09",140.039993,141.240005,139.740005,140.529999,2652700,140.529999
"2017-03-10",141.389999,141.800003,140.279999,140.889999,3318500,140.889999
"2017-03-13",140.899994,143.710007,140.320007,143.520004,4922400,143.520004
"2017-03-14",142.949997,143.309998,141.699997,143.190002,4660300,143.190002
"2017-03-15",144.199997,145.520004,143.229996,145.25,5987200,145.25
"2017-03-16",145.5,146.5,144.220001,144.389999,5286500,144.389999
"2017-03-17",144.050003,145.759995,143.399994,145.110001,6281300,145.110001
"2017-03-20",145.449997,146.25,144.580002,145.830002,3421000,145.830002
"2017-03-21",146.75,147.699997,142.100006,142.419998,7669800,142.419998
"2017-03-22",142.539993,143.800003,140.759995,142.649994,6486900,142.649994
"2017-03-23",142.139999,142.889999,141.259995,141.839996,3712600,141.839996
"2017-03-24",142.360001,142.800003,141.580002,142.020004,3546600,142.020004
"2017-03-27",140.830002,144.389999,140,144.059998,4765700,144.059998
"2017-03-28",144.100006,146.110001,143.919998,145.169998,4638000,145.169998
"2017-03-29",145.5,147.179993,144.910004,146.470001,3855000,146.470001
"2017-03-30",146.809998,148.289993,146.529999,148.059998,4461100,148.059998
"2017-03-31",148,148.229996,147.330002,147.809998,3888200,147.809998
"2017-04-03",146.699997,148.009995,145.740005,146.919998,4609300,146.919998
"2017-04-04",146.839996,147.089996,144.889999,145.5,4368900,145.5
"2017-04-05",146.190002,146.25,143.259995,143.619995,4607600,143.619995
"2017-04-06",144,144.139999,143.009995,143.740005,3312400,143.740005
"2017-04-07",143.789993,143.889999,142.710007,143.110001,3040500,143.110001
"2017-04-10",143.039993,144.649994,141.210007,143.850006,5807400,143.850006
"2017-04-11",144.279999,144.539993,141.979996,144.350006,4621500,144.350006
"2017-04-12",144.850006,145.740005,143.550003,143.830002,4387000,143.830002
"2017-04-13",144.25,144.550003,142.759995,142.919998,3685800,142.919998
"2017-04-17",144.429993,147.320007,144.429993,147.25,16364700,147.25
"2017-04-18",147.339996,147.399994,140,143.360001,19671000,143.360001
"2017-04-19",143.369995,144,138.660004,139.759995,12395100,139.759995
"2017-04-20",140.300003,141.800003,139.270004,141.179993,7248200,141.179993
"2017-04-21",141.389999,143.029999,140.899994,142.869995,6824800,142.869995
"2017-04-24",143.610001,144.5,143.399994,143.830002,4800900,143.830002
"2017-04-25",147.460007,153.520004,146.220001,152.160004,20674200,152.160004
"2017-04-26",151.529999,152.149994,148.899994,150.169998,9274100,150.169998
"2017-04-27",150.600006,153.490005,149.300003,153.080002,7719400,153.080002
"2017-04-28",152.710007,152.970001,150.940002,152.199997,6356400,152.199997
"2017-05-01",151.910004,157.699997,151.610001,155.350006,9031600,155.350006
"2017-05-02",155.759995,156.5,154.610001,156.449997,5384800,156.449997
"2017-05-03",156.289993,156.539993,154.880005,155.589996,3931200,155.589996
"2017-05-04",155.589996,157.899994,154.550003,157.25,5582300,157.25
"2017-05-05",158.550003,158.589996,155.899994,156.600006,5341700,156.600006
"2017-05-08",156.550003,157.639999,155.300003,156.380005,4818800,156.380005
"2017-05-09",156.100006,157.850006,155.970001,157.460007,3911000,157.460007
"2017-05-10",157.820007,161.100006,156.559998,160.279999,6869900,160.279999
"2017-05-11",160.330002,160.520004,157.550003,158.539993,5677400,158.539993
"2017-05-12",159.110001,160.839996,158.509995,160.809998,5092900,160.809998
"2017-05-15",160.25,161.779999,159.759995,160.020004,4972000,160.020004
"2017-05-16",160.5,161.179993,159.330002,159.410004,3464900,159.410004
"2017-05-17",158.089996,158.779999,153,153.199997,8184500,153.199997
"2017-05-18",153.610001,156.889999,153.240005,155.699997,6802700,155.699997
"2017-05-19",156.149994,158.050003,155.910004,157.020004,4091500,157.020004
"2017-05-22",157.860001,158.600006,156.429993,157.160004,3744100,157.160004
"2017-05-23",157.75,158.309998,156.800003,157.949997,3370900,157.949997
"2017-05-24",158.350006,158.479996,157.169998,157.75,2970800,157.75
"2017-05-25",161,164.100006,160.550003,163.050003,8561000,163.050003
"2017-05-26",162.839996,163.050003,161.119995,162.429993,4834300,162.429993
"2017-05-30",163.600006,164.75,162.710007,163.220001,4828600,163.220001
"2017-05-31",163.610001,164,160.740005,163.070007,5328900,163.070007
"2017-06-01",163.520004,163.929993,161.699997,162.990005,3896300,162.990005
"2017-06-02",163.419998,165.360001,162.800003,165.179993,4259100,165.179993
"2017-06-05",165.490005,165.5,163.429993,165.059998,3875200,165.059998
"2017-06-06",164.949997,166.820007,164.509995,165.169998,4382100,165.169998
"2017-06-07",165.600006,166.399994,164.410004,165.610001,3353100,165.610001
"2017-06-08",166.119995,166.869995,164.839996,165.880005,3695200,165.880005
"2017-06-09",166.270004,166.270004,154.5,158.029999,10292000,158.029999
"2017-06-12",155.300003,155.529999,148.309998,151.440002,14114500,151.440002
"2017-06-13",154.380005,155.679993,150.130005,152.720001,8484700,152.720001
"2017-06-14",154.339996,155.619995,150.279999,152.199997,6461800,152.199997
"2017-06-15",149.440002,152.559998,147.300003,151.759995,7319700,151.759995
"2017-06-16",151.449997,153.529999,150.389999,152.380005,6909700,152.380005
"2017-06-19",154.289993,155.580002,152.410004,153.399994,6544300,153.399994
"2017-06-20",153.679993,154.5,151.399994,152.050003,4878700,152.050003
"2017-06-21",152.5,155.380005,152.259995,155.029999,5803400,155.029999
"2017-06-22",155.130005,155.199997,153.699997,154.889999,3769200,154.889999
"2017-06-23",155.009995,158.190002,153.759995,158.020004,6250800,158.020004
"2017-06-26",158.779999,159.970001,156.559998,157.5,6016000,157.5
"2017-06-27",156.619995,156.979996,150.720001,151.029999,7424300,151.029999
"2017-06-28",151.639999,154.199997,150.119995,153.410004,5589900,153.410004
"2017-06-29",152.820007,152.820007,148,150.089996,7142500,150.089996
"2017-06-30",149.759995,150.710007,148.419998,149.410004,5213300,149.410004
"2017-07-03",149.800003,150.449997,145.800003,146.169998,3908200,146.169998
"2017-07-05",146.580002,148.259995,145.580002,147.610001,4627800,147.610001
"2017-07-06",146.130005,147.270004,144.25,146.25,5486500,146.25
"2017-07-07",146.649994,150.75,146.649994,150.179993,5561300,150.179993
"2017-07-10",150.339996,153.229996,149.649994,152.669998,5360600,152.669998
"2017-07-11",152.369995,155.229996,151.550003,154.330002,4898600,154.330002
"2017-07-12",155.770004,158.800003,155.770004,158.75,8481800,158.75
"2017-07-13",158.509995,160.130005,156.979996,158.210007,6700100,158.210007
"2017-07-14",159.300003,161.350006,157.970001,161.119995,5549200,161.119995
"2017-07-17",162.910004,163.550003,160.020004,161.699997,17496700,161.699997
"2017-07-18",176.119995,185,174.240005,183.600006,41587400,183.600006
"2017-07-19",182.970001,187.169998,181.75,183.860001,17344300,183.860001
"2017-07-20",183.839996,185.919998,182.699997,183.600006,7907200,183.600006
"2017-07-21",182.720001,191.5,182.710007,188.539993,9277400,188.539993
"2017-07-24",188.690002,190.25,187.009995,187.910004,8797300,187.910004
"2017-07-25",187.789993,188.660004,185.809998,186.970001,5374500,186.970001
"2017-07-26",187.699997,189.699997,187.509995,189.080002,4479300,189.080002
"2017-07-27",189.889999,190,179.380005,182.679993,11221000,182.679993
"2017-07-28",182,185.029999,181.179993,184.039993,6201900,184.039993
"2017-07-31",184.259995,184.970001,180.649994,181.660004,4883600,181.660004
"2017-08-01",182.490005,184.619995,181.429993,182.029999,5112700,182.029999
"2017-08-02",182.220001,182.570007,177.809998,180.740005,5771300,180.740005
"2017-08-03",180.529999,181.220001,178.020004,179.229996,4627700,179.229996
"2017-08-04",179.600006,181,178.5,180.270004,4491100,180.270004
"2017-08-07",181,182.270004,179.100006,181.330002,4609800,181.330002
"2017-08-08",181.369995,181.910004,177.449997,178.360001,6104000,178.360001
"2017-08-09",171.429993,175.960007,170.009995,175.779999,9670500,175.779999
"2017-08-10",174.029999,174.449997,167.600006,169.139999,9693100,169.139999
"2017-08-11",169.860001,172.580002,169,171.399994,5022300,171.399994
"2017-08-14",169.800003,172.449997,168.800003,171,7457100,171
"2017-08-15",171.529999,171.880005,168.25,168.5,5656100,168.5
"2017-08-16",167.5,170.5,166.25,169.979996,7013600,169.979996
"2017-08-17",169.229996,170.580002,165.720001,166.089996,5229200,166.089996
"2017-08-18",165.949997,169.970001,165.800003,166.539993,7385700,166.539993
"2017-08-21",166.910004,168.990005,164.229996,166.759995,6480700,166.759995
"2017-08-22",167.759995,169.929993,167.039993,169.339996,4886300,169.339996
"2017-08-23",168.350006,169.639999,166.699997,169.059998,4632300,169.059998
"2017-08-24",169.860001,171.240005,166.149994,168.130005,5361700,168.130005
"2017-08-25",168.580002,168.75,165.5,165.949997,4064000,165.949997
"2017-08-28",166.429993,168.669998,165.600006,167.119995,3657300,167.119995
"2017-08-29",165,169.679993,164.729996,168.809998,4620900,168.809998
"2017-08-30",169.5,174.850006,169.369995,174.690002,8034700,174.690002
"2017-08-31",175.449997,176.240005,173.860001,174.710007,6941000,174.710007
"2017-09-01",175.550003,176.479996,173.919998,174.740005,3813000,174.740005
"2017-09-05",173.399994,175.880005,172.440002,174.520004,4589500,174.520004
"2017-09-06",175.25,179.460007,173.729996,179.25,8742600,179.25
"2017-09-07",178.800003,180.350006,177.100006,179,6036100,179
"2017-09-08",178.449997,180.389999,176.25,176.419998,4590800,176.419998
"2017-09-11",178.100006,182.470001,178.029999,181.740005,5979400,181.740005
"2017-09-12",182.550003,185.330002,180.639999,185.149994,6689600,185.149994
"2017-09-13",184.070007,184.5,182.550003,183.639999,4320300,183.639999
"2017-09-14",183.25,185.289993,182.070007,182.630005,4510700,182.630005
"2017-09-15",182.729996,184.929993,181.429993,182.350006,5591700,182.350006
"2017-09-18",183.610001,185.449997,182.729996,184.619995,5359600,184.619995
"2017-09-19",184.979996,186.229996,184.169998,185.679993,4982100,185.679993
"2017-09-20",186.100006,186.5,183.199997,185.509995,4625000,185.509995
"2017-09-21",185.820007,189.949997,184.509995,188.779999,7148100,188.779999
"2017-09-22",188.399994,189.850006,186.389999,187.350006,5464300,187.350006
"2017-09-25",186.460007,186.550003,177.699997,178.550003,9367200,178.550003
"2017-09-26",180.699997,180.949997,176.550003,179.380005,5602500,179.380005
"2017-09-27",181.009995,183.339996,180.699997,181.970001,5710500,181.970001
"2017-09-28",181.25,181.949997,179.360001,180.699997,4077000,180.699997
"2017-09-29",180.729996,182.899994,180.649994,181.350006,4227900,181.350006
"2017-10-02",182.110001,182.800003,176.580002,177.009995,7342000,177.009995
"2017-10-03",177.649994,179.699997,177.550003,179.190002,3956900,179.190002
"2017-10-04",181.410004,186.699997,181.25,184.449997,9235900,184.449997
"2017-10-05",185.649994,194.490005,184.490005,194.389999,19412700,194.389999
"2017-10-06",194.300003,198.919998,192.050003,198.020004,15348400,198.020004
"2017-10-09",199.100006,199.399994,196.559998,196.869995,6971700,196.869995
"2017-10-10",197.850006,198.300003,192.100006,195.080002,6233800,195.080002
"2017-10-11",195.570007,196.220001,193.809998,194.949997,6450200,194.949997
"2017-10-12",196.75,198.619995,194.710007,195.860001,7753300,195.860001
"2017-10-13",199.699997,200.820007,197.190002,199.490005,12081300,199.490005
"2017-10-16",201.949997,202.830002,197.860001,202.679993,22105400,202.679993
"2017-10-17",200.110001,204.380005,197.770004,199.479996,23900100,199.479996
"2017-10-18",199.990005,200.009995,194.25,195.539993,11198900,195.539993
"2017-10-19",193.009995,195.25,191.160004,195.130005,7034600,195.130005
"2017-10-20",195.899994,196.380005,193.770004,194.160004,5995600,194.160004
"2017-10-23",194.169998,194.899994,191.029999,192.470001,6980000,192.470001
"2017-10-24",192.75,196.740005,191.399994,196.020004,7069100,196.020004
"2017-10-25",195.380005,197.059998,193.009995,193.770004,5315300,193.770004
"2017-10-26",194.660004,197.610001,194.080002,195.210007,5185800,195.210007
"2017-10-27",197.199997,200.649994,196.220001,199.539993,8128600,199.539993
"2017-10-30",199.619995,201.100006,197.070007,198.369995,5439600,198.369995
"2017-10-31",198.210007,198.589996,195.220001,196.429993,5518600,196.429993
"2017-11-01",197.240005,199.199997,196,198,5017400,198
"2017-11-02",197.449997,199.440002,197.089996,199.320007,3606300,199.320007
"2017-11-03",199.800003,200.550003,197.990005,200.009995,3678800,200.009995
"2017-11-06",200,202.479996,198.089996,200.130005,5846600,200.130005
"2017-11-07",200,200.610001,194.800003,195.889999,6468000,195.889999
"2017-11-08",196,197.089996,194.740005,196.440002,4237400,196.440002
"2017-11-09",194.460007,194.490005,190.809998,193.899994,5979900,193.899994
"2017-11-10",191.610001,192.589996,189.5,192.020004,6622200,192.020004
"2017-11-13",191.119995,196.050003,191,195.080002,4607000,195.080002
"2017-11-14",193.639999,195.880005,193,195.710007,3450500,195.710007
"2017-11-15",194.539993,195.419998,191.529999,192.119995,4203100,192.119995
"2017-11-16",194.330002,197.699997,193.75,195.509995,5678400,195.509995
"2017-11-17",195.740005,195.949997,192.649994,193.199997,3906300,193.199997
"2017-11-20",193.300003,194.320007,191.899994,194.100006,3827500,194.100006
"2017-11-21",195.039993,197.520004,194.970001,196.229996,4787300,196.229996
"2017-11-22",196.580002,196.75,193.630005,196.320007,5895400,196.320007
"2017-11-24",196.649994,196.899994,195.330002,195.75,2160500,195.75
"2017-11-27",195.559998,195.850006,194,195.050003,3210100,195.050003
"2017-11-28",195.339996,199.679993,194.009995,199.179993,6981100,199.179993
"2017-11-29",198.910004,199.029999,184.320007,188.149994,14202700,188.149994
"2017-11-30",190.309998,190.860001,186.679993,187.580002,6630100,187.580002
"2017-12-01",186.990005,189.800003,185,186.820007,6219500,186.820007
"2017-12-04",189.360001,189.720001,178.380005,184.039993,9069800,184.039993
"2017-12-05",183.5,188.139999,181.190002,184.210007,5783700,184.210007
"2017-12-06",183.380005,186.479996,182.880005,185.300003,5490100,185.300003
"2017-12-07",185.710007,187.339996,183.220001,185.199997,4659500,185.199997
"2017-12-08",186.5,189.419998,186.300003,188.539993,4987300,188.539993
"2017-12-11",187.850006,189.419998,185.910004,186.220001,5298600,186.220001
"2017-12-12",186.009995,187.850006,184.820007,185.729996,4265900,185.729996
"2017-12-13",186.100006,188.690002,185.410004,187.860001,4710000,187.860001
"2017-12-14",187.979996,192.639999,187.199997,189.559998,7792800,189.559998
"2017-12-15",189.610001,191.429993,188.009995,190.119995,7285600,190.119995
"2017-12-18",191.199997,191.649994,188.899994,190.419998,5011000,190.419998
"2017-12-19",190.179993,190.300003,185.75,187.020004,7033000,187.020004
"2017-12-20",187.940002,189.110001,185.259995,188.820007,6545400,188.820007
"2017-12-21",189.440002,190.949997,187.580002,188.619995,4729800,188.619995
"2017-12-22",188.330002,190.949997,186.800003,189.940002,3878900,189.940002
"2017-12-26",189.779999,189.940002,186.399994,187.759995,3045700,187.759995
"2017-12-27",187.800003,188.100006,185.220001,186.240005,4002100,186.240005
"2017-12-28",187.179993,194.490005,186.850006,192.710007,10107400,192.710007
"2017-12-29",192.509995,193.949997,191.220001,191.960007,5187600,191.960007
"2018-01-02",196.100006,201.649994,195.419998,201.070007,10966900,201.070007
"2018-01-03",202.050003,206.210007,201.5,205.050003,8591400,205.050003
"2018-01-04",206.199997,207.050003,204,205.630005,6029600,205.630005
"2018-01-05",207.25,210.020004,205.589996,209.990005,7033200,209.990005
"2018-01-08",210.020004,212.5,208.440002,212.050003,5580200,212.050003
"2018-01-09",212.110001,212.979996,208.589996,209.309998,6125900,209.309998
"2018-01-10",207.570007,213.639999,206.910004,212.520004,5951500,212.520004
"2018-01-11",214.289993,217.75,213.350006,217.240005,7659500,217.240005
"2018-01-12",217.179993,222.550003,216,221.229996,8199400,221.229996
"2018-01-16",224.240005,226.070007,217.199997,221.529999,13516100,221.529999
"2018-01-17",221,221.149994,216.320007,217.5,9123100,217.5
"2018-01-18",220.339996,220.580002,216.550003,220.330002,8225300,220.330002
"2018-01-19",222.75,223.490005,218.5,220.460007,10548600,220.460007
"2018-01-22",222,227.789993,221.199997,227.580002,17703300,227.580002
"2018-01-23",255.050003,257.709991,248.020004,250.289993,27705300,250.289993
"2018-01-24",250.880005,261.709991,249.309998,261.299988,17352400,261.299988
"2018-01-25",263,272.299988,260.230011,269.700012,15336400,269.700012
"2018-01-26",271.48999,274.600006,268.76001,274.600006,11021800,274.600006
"2018-01-29",274.200012,286.809998,273.920013,284.589996,17529700,284.589996
